Title,Genre,Language,Premiere,Runtime,Seasons,Premiere_Time,Runtime_min,Runtime_max,seasons,episode,superhero,crime,science fiction,horror,fantasy,drama,comedy,sitcom,romantic,thriller,musical,teen,travel,sport,true crime,reality,competition,anime,show,educational,docuseries,historical,apocalyptic,coming-of-age,detective,psychological,period,anthology,series,children's,medieval,workplace,animation,action,art,supernatural,mystery, mockumentary,military,survival,telenovela,dating,game
Stranger Things,Science fiction/horror,English,2016-07-15,42–78 min,"3 seasons, 25 episodes",2016-07-15,42.0,78.0,3.0,25.0,,,1.0,1.0,,,,,,,,,,,,,,,,,,,,,,,,,,,,,,,,,,,,,,,
The Crown,Historical drama,English,2016-11-04,47–61 min,"4 seasons, 40 episodes",2016-11-04,47.0,61.0,4.0,40.0,,,,,,1.0,,,,,,,,,,,,,,,,1.0,,,,,,,,,,,,,,,,,,,,,
Ozark,Crime drama,English,2017-07-21,50–80 min,"4 seasons, 37 episodes",2017-07-21,50.0,80.0,4.0,37.0,,1.0,,,,1.0,,,,,,,,,,,,,,,,,,,,,,,,,,,,,,,,,,,,,
The Umbrella Academy,Superhero action,English,2019-02-15,40–60 min,"2 seasons, 20 episodes",2019-02-15,40.0,60.0,2.0,20.0,1.0,,,,,,,,,,,,,,,,,,,,,,,,,,,,,,,,,1.0,,,,,,,,,
Black Summer,Apocalyptic fiction drama,English,2019-04-11,21–58 min,"2 seasons, 16 episodes",2019-04-11,21.0,58.0,2.0,16.0,,,,,,1.0,,,,,,,,,,,,,,,,,1.0,,,,,,,,,,,,,,,,,,,,
Raising Dion,Superhero/Science fiction drama,English,2019-10-04,37–51 min,"2 seasons, 17 episodes",2019-10-04,37.0,51.0,2.0,17.0,1.0,,1.0,,,1.0,,,,,,,,,,,,,,,,,,,,,,,,,,,,,,,,,,,,,
Virgin River,Romantic drama,English,2019-12-06,40–49 min,"3 seasons, 30 episodes",2019-12-06,40.0,49.0,3.0,30.0,,,,,,1.0,,,1.0,,,,,,,,,,,,,,,,,,,,,,,,,,,,,,,,,,
The Witcher,Fantasy drama,English,2019-12-20,47–67 min,"2 seasons, 16 episodes",2019-12-20,47.0,67.0,2.0,16.0,,,,,1.0,1.0,,,,,,,,,,,,,,,,,,,,,,,,,,,,,,,,,,,,,
Locke & Key,Fantasy drama/Supernatural horror,English,2020-02-07,40–56 min,"2 seasons, 20 episodes",2020-02-07,40.0,56.0,2.0,20.0,,,,1.0,1.0,1.0,,,,,,,,,,,,,,,,,,,,,,,,,,,,,,1.0,,,,,,,
Outer Banks,Coming-of-age drama,English,2020-04-15,42–61 min,"2 seasons, 20 episodes",2020-04-15,42.0,61.0,2.0,20.0,,,,,,1.0,,,,,,,,,,,,,,,,,,1.0,,,,,,,,,,,,,,,,,,,
Sweet Magnolias,Romantic drama,English,2020-05-19,43–54 min,"2 seasons, 20 episodes",2020-05-19,43.0,54.0,2.0,20.0,,,,,,1.0,,,1.0,,,,,,,,,,,,,,,,,,,,,,,,,,,,,,,,,,
Blood & Water,Teen drama,English,2020-05-20,43–53 min,"2 seasons, 13 episodes",2020-05-20,43.0,53.0,2.0,13.0,,,,,,1.0,,,,,,1.0,,,,,,,,,,,,,,,,,,,,,,,,,,,,,,,
Warrior Nun,Fantasy,English,2020-07-02,37–50 min,"1 season, 10 episodes",2020-07-02,37.0,50.0,1.0,10.0,,,,,1.0,,,,,,,,,,,,,,,,,,,,,,,,,,,,,,,,,,,,,,
Young Wallander,Detective drama,English,2020-09-03,36–52 min,"2 seasons, 12 episodes",2020-09-03,36.0,52.0,2.0,12.0,,,,,,1.0,,,,,,,,,,,,,,,,,,,1.0,,,,,,,,,,,,,,,,,,
Ratched,Psychological thriller,English,2020-09-18,45–62 min,"1 season, 8 episodes",2020-09-18,45.0,62.0,1.0,8.0,,,,,,,,,,1.0,,,,,,,,,,,,,,,,1.0,,,,,,,,,,,,,,,,,
Bridgerton,Historical romance,English,2020-12-25,57–72 min,"1 season, 8 episodes",2020-12-25,57.0,72.0,1.0,8.0,,,,,,,,,,,,,,,,,,,,,,1.0,,,,,,,,,,,,,,,,,,,,,
Fate: The Winx Saga,Teen drama fantasy,English,2021-01-22,47–53 min,"1 season, 6 episodes",2021-01-22,47.0,53.0,1.0,6.0,,,,,1.0,1.0,,,,,,1.0,,,,,,,,,,,,,,,,,,,,,,,,,,,,,,,
Firefly Lane,Drama,English,2021-02-03,47–53 min,"1 season, 10 episodes",2021-02-03,47.0,53.0,1.0,10.0,,,,,,1.0,,,,,,,,,,,,,,,,,,,,,,,,,,,,,,,,,,,,,
Ginny & Georgia,Coming-of-age drama,English,2021-02-24,52–58 min,"1 season, 10 episodes",2021-02-24,52.0,58.0,1.0,10.0,,,,,,1.0,,,,,,,,,,,,,,,,,,1.0,,,,,,,,,,,,,,,,,,,
Shadow and Bone,Fantasy drama,English,2021-04-23,45–58 min,"1 season, 8 episodes",2021-04-23,45.0,58.0,1.0,8.0,,,,,1.0,1.0,,,,,,,,,,,,,,,,,,,,,,,,,,,,,,,,,,,,,
Sweet Tooth,Fantasy drama,English,2021-06-04,37–53 min,"1 season, 8 episodes",2021-06-04,37.0,53.0,1.0,8.0,,,,,1.0,1.0,,,,,,,,,,,,,,,,,,,,,,,,,,,,,,,,,,,,,
Jiva!,Drama,English,2021-06-24,26–50 min,"1 season, 5 episodes",2021-06-24,26.0,50.0,1.0,5.0,,,,,,1.0,,,,,,,,,,,,,,,,,,,,,,,,,,,,,,,,,,,,,
Sex/Life,Drama,English,2021-06-25,43–52 min,"1 season, 8 episodes",2021-06-25,43.0,52.0,1.0,8.0,,,,,,1.0,,,,,,,,,,,,,,,,,,,,,,,,,,,,,,,,,,,,,
Stay Close,Drama,English,2021-12-31,39–53 min,"1 season, 8 episodes",2021-12-31,39.0,53.0,1.0,8.0,,,,,,1.0,,,,,,,,,,,,,,,,,,,,,,,,,,,,,,,,,,,,,
Archive 81,Found footage horror,English,2022-01-14,45–58 min,"1 season, 8 episodes",2022-01-14,45.0,58.0,1.0,8.0,,,,1.0,,,,,,,,,,,,,,,,,,,,,,,,,,,,,,,,,,,,,,,
In From the Cold,Thriller,English,2022-01-28,41–53 min,"1 season, 8 episodes",2022-01-28,41.0,53.0,1.0,8.0,,,,,,,,,,1.0,,,,,,,,,,,,,,,,,,,,,,,,,,,,,,,,,
Vikings: Valhalla,Historical period drama,English,2022-02-25,44–59 min,"1 season, 8 episodes",2022-02-25,44.0,59.0,1.0,8.0,,,,,,1.0,,,,,,,,,,,,,,,,1.0,,,,,1.0,,,,,,,,,,,,,,,,
Pieces of Her,Thriller,English,2022-03-04,42–62 min,"1 season, 8 episodes",2022-03-04,42.0,62.0,1.0,8.0,,,,,,,,,,1.0,,,,,,,,,,,,,,,,,,,,,,,,,,,,,,,,,
The Last Bus[27],Science fiction,English,2022-04-01,TBA,TBA,2022-04-01,0.0,0.0,0.0,0.0,,,1.0,,,,,,,,,,,,,,,,,,,,,,,,,,,,,,,,,,,,,,,,
Anatomy of a Scandal[29],Anthology series,English,2022-04-15,TBA,6 episodes,2022-04-15,0.0,0.0,0.0,6.0,,,,,,,,,,,,,,,,,,,,,,,,,,,,1.0,1.0,,,,,,,,,,,,,,
Grace and Frankie,Comedy-drama,English,2015-05-08,25–35 min,"7 seasons, 82 episodes",2015-05-08,25.0,35.0,7.0,82.0,,,,,,1.0,1.0,,,,,,,,,,,,,,,,,,,,,,,,,,,,,,,,,,,,
Master of None,Comedy,English,2015-11-06,20–57 min,"3 seasons, 25 episodes",2015-11-06,20.0,57.0,3.0,25.0,,,,,,,1.0,,,,,,,,,,,,,,,,,,,,,,,,,,,,,,,,,,,,
Sex Education,Comedy-drama,English,2019-01-11,47–61 min,"3 seasons, 24 episodes",2019-01-11,47.0,61.0,3.0,24.0,,,,,,1.0,1.0,,,,,,,,,,,,,,,,,,,,,,,,,,,,,,,,,,,,
Russian Doll,Comedy,English,2019-02-01,25–30 min,"1 season, 8 episodes",2019-02-01,25.0,30.0,1.0,8.0,,,,,,,1.0,,,,,,,,,,,,,,,,,,,,,,,,,,,,,,,,,,,,
I Think You Should Leave with Tim Robinson,Sketch comedy,English,2019-04-23,15–18 min,"2 seasons, 12 episodes",2019-04-23,15.0,18.0,2.0,12.0,,,,,,,1.0,,,,,,,,,,,,,,,,,,,,,,,,,,,,,,,,,,,,
Dead to Me,Black comedy-drama,English,2019-05-03,26–33 min,"2 seasons, 20 episodes",2019-05-03,26.0,33.0,2.0,20.0,,,,,,1.0,1.0,,,,,,,,,,,,,,,,,,,,,,,,,,,,,,,,,,,,
Family Reunion,Sitcom,English,2019-07-10,24–34 min,"4 parts, 34 episodes",2019-07-10,24.0,34.0,4.0,34.0,,,,,,,,1.0,,,,,,,,,,,,,,,,,,,,,,,,,,,,,,,,,,,
Never Have I Ever,Coming-of-age comedy-drama,English,2020-04-27,22–32 min,"2 seasons, 20 episodes",2020-04-27,22.0,32.0,2.0,20.0,,,,,,1.0,1.0,,,,,,,,,,,,,,,,,1.0,,,,,,,,,,,,,,,,,,,
Space Force,Workplace comedy,English,2020-05-29,25–36 min,"2 seasons, 17 episodes",2020-05-29,25.0,36.0,2.0,17.0,,,,,,,1.0,,,,,,,,,,,,,,,,,,,,,,,,,1.0,,,,,,,,,,,
The Baby-Sitters Club,Comedy-drama,English,2020-07-03,24–29 min,"2 seasons, 18 episodes",2020-07-03,24.0,29.0,2.0,18.0,,,,,,1.0,1.0,,,,,,,,,,,,,,,,,,,,,,,,,,,,,,,,,,,,
Emily in Paris,Comedy-drama,English,2020-10-02,24–38 min,"2 seasons, 20 episodes",2020-10-02,24.0,38.0,2.0,20.0,,,,,,1.0,1.0,,,,,,,,,,,,,,,,,,,,,,,,,,,,,,,,,,,,
How to Ruin Christmas,Comedy,English,2020-12-16,42–57 min,"2 seasons, 7 episodes",2020-12-16,42.0,57.0,2.0,7.0,,,,,,,1.0,,,,,,,,,,,,,,,,,,,,,,,,,,,,,,,,,,,,
The Upshaws,Sitcom,English,2021-05-12,25–29 min,"1 season, 10 episodes",2021-05-12,25.0,29.0,1.0,10.0,,,,,,,,1.0,,,,,,,,,,,,,,,,,,,,,,,,,,,,,,,,,,,
The Chair,Comedy-drama,English,2021-08-20,30 min,"1 season, 6 episodes",2021-08-20,3.0,0.0,1.0,6.0,,,,,,1.0,1.0,,,,,,,,,,,,,,,,,,,,,,,,,,,,,,,,,,,,
Scaredy Cats,Comedy,English,2021-10-01,24–46 min,"1 season, 9 episodes",2021-10-01,24.0,46.0,1.0,9.0,,,,,,,1.0,,,,,,,,,,,,,,,,,,,,,,,,,,,,,,,,,,,,
Pretty Smart,Sitcom,English,2021-10-08,22–26 min,"1 season, 10 episodes",2021-10-08,22.0,26.0,1.0,10.0,,,,,,,,1.0,,,,,,,,,,,,,,,,,,,,,,,,,,,,,,,,,,,
Decoupled,Comedy,English,2021-12-17,25–36 min,"1 season, 8 episodes",2021-12-17,25.0,36.0,1.0,8.0,,,,,,,1.0,,,,,,,,,,,,,,,,,,,,,,,,,,,,,,,,,,,,
The Woman in the House Across the Street from the Girl in the Window,Dark comedy thriller,English,2022-01-28,22–29 min,"1 season, 8 episodes",2022-01-28,22.0,29.0,1.0,8.0,,,,,,,1.0,,,1.0,,,,,,,,,,,,,,,,,,,,,,,,,,,,,,,,,
Murderville,Crime comedy/Reality show,English,2022-02-03,29–35 min,"1 season, 6 episodes",2022-02-03,29.0,35.0,1.0,6.0,,1.0,,,,,1.0,,,,,,,,,1.0,,,1.0,,,,,,,,,,,,,,,,,,,,,,,,
Eternally Confused and Eager for Love,Comedy-drama,English,2022-03-18,TBA,TBA,2022-03-18,0.0,0.0,0.0,0.0,,,,,,1.0,1.0,,,,,,,,,,,,,,,,,,,,,,,,,,,,,,,,,,,,
Super PupZ[41],Children's comedy,English,2022-03-31,TBA,TBA,2022-03-31,0.0,0.0,0.0,0.0,,,,,,,1.0,,,,,,,,,,,,,,,,,,,,,,,1.0,,,,,,,,,,,,,
Big Mouth,Coming-of-age comedy,English,2017-09-29,25–46 min,"5 seasons, 51 episodes",2017-09-29,25.0,46.0,5.0,51.0,,,,,,,1.0,,,,,,,,,,,,,,,,,1.0,,,,,,,,,,,,,,,,,,,
Disenchantment,Medieval fantasy comedy,English,2018-08-17,19–36 min,"4 parts, 40 episodes",2018-08-17,19.0,36.0,4.0,40.0,,,,,1.0,,1.0,,,,,,,,,,,,,,,,,,,,,,,,1.0,,,,,,,,,,,,
"Love, Death & Robots",Anthology,English,2019-03-15,6–18 min,"2 volumes, 26 episodes",2019-03-15,6.0,18.0,2.0,26.0,,,,,,,,,,,,,,,,,,,,,,,,,,,,1.0,,,,,,,,,,,,,,,
Masters of the Universe: Revelation,Science fantasy,English,2021-07-23,22–32 min,"2 parts, 10 episodes",2021-07-23,22.0,32.0,2.0,10.0,,,,,1.0,,,,,,,,,,,,,,,,,,,,,,,,,,,,,,,,,,,,,,
Q-Force,Comedy,English,2021-09-02,26 min,"1 season, 10 episodes",2021-09-02,2.0,6.0,1.0,10.0,,,,,,,1.0,,,,,,,,,,,,,,,,,,,,,,,,,,,,,,,,,,,,
Chicago Party Aunt,Comedy,English,2021-09-17,22–25 min,"1 part, 8 episodes",2021-09-17,22.0,25.0,1.0,8.0,,,,,,,1.0,,,,,,,,,,,,,,,,,,,,,,,,,,,,,,,,,,,,
Adventure Beast,Educational/Comedy,English,2021-10-22,16–20 min,"1 season, 12 episodes",2021-10-22,16.0,20.0,1.0,12.0,,,,,,,1.0,,,,,,,,,,,,,1.0,,,,,,,,,,,,,,,,,,,,,,,
Inside Job,Workplace comedy,English,2021-10-22,26–31 min,"1 part, 10 episodes",2021-10-22,26.0,31.0,1.0,10.0,,,,,,,1.0,,,,,,,,,,,,,,,,,,,,,,,,,1.0,,,,,,,,,,,
Tear Along the Dotted Line,Comedy,Italian,2021-11-17,16–22 min,"1 season, 6 episodes",2021-11-17,16.0,22.0,1.0,6.0,,,,,,,1.0,,,,,,,,,,,,,,,,,,,,,,,,,,,,,,,,,,,,
Saturday Morning All Star Hits!,Comedy,English,2021-12-10,19–28 min,"1 season, 8 episodes",2021-12-10,19.0,28.0,1.0,8.0,,,,,,,1.0,,,,,,,,,,,,,,,,,,,,,,,,,,,,,,,,,,,,
The Guardians of Justice,Superhero live-action animation mix,English,2022-03-01,21–36 min,"1 season, 7 episodes",2022-03-01,21.0,36.0,1.0,7.0,1.0,,,,,,,,,,,,,,,,,,,,,,,,,,,,,,,,1.0,1.0,,,,,,,,,
Human Resources[47],Comedy,English,2022-03-18,TBA,"1 season, 10 episodes[49]",2022-03-18,0.0,0.0,1.0,10.0,,,,,,,1.0,,,,,,,,,,,,,,,,,,,,,,,,,,,,,,,,,,,,
Aggretsuko,Workplace comedy,Japanese,2018-04-20,15–27 min,"4 seasons, 40 episodes",2018-04-20,15.0,27.0,4.0,40.0,,,,,,,1.0,,,,,,,,,,,,,,,,,,,,,,,,,1.0,,,,,,,,,,,
Ultraman,Science fiction/Tokusatsu,Japanese,2019-04-01,23–25 min,"1 season, 13 episodes",2019-04-01,23.0,25.0,1.0,13.0,,,1.0,,,,,,,,,,,,,,,,,,,,,,,,,,,,,,,,,,,,,,,,
Ghost in the Shell: SAC_2045,Science fiction,Japanese,2020-04-23,24 min,"1 season, 12 episodes",2020-04-23,2.0,4.0,1.0,12.0,,,1.0,,,,,,,,,,,,,,,,,,,,,,,,,,,,,,,,,,,,,,,,
Blood of Zeus,Fantasy/Action,English,2020-10-27,25–37 min,"1 season, 8 episodes",2020-10-27,25.0,37.0,1.0,8.0,,,,,1.0,,,,,,,,,,,,,,,,,,,,,,,,,,,,,1.0,,,,,,,,,
Pacific Rim: The Black,Mecha/Kaiju,English,2021-03-04,21–29 min,"1 season, 7 episodes",2021-03-04,21.0,29.0,1.0,7.0,,,,,,,,,,,,,,,,,,,,,,,,,,,,,,,,,,,,,,,,,,,
Dota: Dragon's Blood,Dark fantasy/Action,English,2021-03-25,26–28 min,"2 books, 16 episodes",2021-03-25,26.0,28.0,2.0,16.0,,,,,1.0,,,,,,,,,,,,,,,,,,,,,,,,,,,,,1.0,,,,,,,,,
The Way of the Househusband,Comedy,Japanese,2021-04-08,16–19 min,"1 season, 10 episodes",2021-04-08,16.0,19.0,1.0,10.0,,,,,,,1.0,,,,,,,,,,,,,,,,,,,,,,,,,,,,,,,,,,,,
Yasuke,Historical fantasy/Action,English,2021-04-29,28–30 min,"1 season, 6 episodes",2021-04-29,28.0,30.0,1.0,6.0,,,,,1.0,,,,,,,,,,,,,,,,,1.0,,,,,,,,,,,,1.0,,,,,,,,,
Eden,Science fiction,Japanese,2021-05-27,25 min,"1 season, 4 episodes",2021-05-27,2.0,5.0,1.0,4.0,,,1.0,,,,,,,,,,,,,,,,,,,,,,,,,,,,,,,,,,,,,,,,
Trese,Dark fantasy/Crime,English,2021-06-10,25–33 min,"1 season, 6 episodes",2021-06-10,25.0,33.0,1.0,6.0,,1.0,,,1.0,,,,,,,,,,,,,,,,,,,,,,,,,,,,,,,,,,,,,,
Record of Ragnarok,Action,Japanese,2021-06-17,24 min,"1 season, 12 episodes",2021-06-17,2.0,4.0,1.0,12.0,,,,,,,,,,,,,,,,,,,,,,,,,,,,,,,,,,1.0,,,,,,,,,
Resident Evil: Infinite Darkness,CG animation/Horror,English,2021-07-08,25–28 min,"1 season, 4 episodes",2021-07-08,25.0,28.0,1.0,4.0,,,,1.0,,,,,,,,,,,,,,,,,,,,,,,,,,,,,1.0,,,,,,,,,,
Baki Hanma,Martial arts,Japanese,2021-09-30,24–25 min,"1 season, 12 episodes",2021-09-30,24.0,25.0,1.0,12.0,,,,,,,,,,,,,,,,,,,,,,,,,,,,,,,,,,,1.0,,,,,,,,
Super Crooks,Crime,Japanese,2021-11-25,20–29 min,"1 season, 13 episodes",2021-11-25,20.0,29.0,1.0,13.0,,1.0,,,,,,,,,,,,,,,,,,,,,,,,,,,,,,,,,,,,,,,,,
Kotaro Lives Alone[55],Comedy,Japanese,2022-03-10,TBA,TBA,2022-03-10,0.0,0.0,0.0,0.0,,,,,,,1.0,,,,,,,,,,,,,,,,,,,,,,,,,,,,,,,,,,,,
Thermae Romae Novae,Comedy,Japanese,2022-03-28,TBA,TBA,2022-03-28,0.0,0.0,0.0,0.0,,,,,,,1.0,,,,,,,,,,,,,,,,,,,,,,,,,,,,,,,,,,,,
The Dragon Prince,,English,2018-09-14,24–33 min,"3 seasons, 27 episodes",2018-09-14,24.0,33.0,3.0,27.0,,,,,,,,,,,,,,,,,,,,,,,,,,,,,,,,,,,,,,,,,,,
Hilda,,English,2018-09-21,24–46 min,"2 seasons, 26 episodes",2018-09-21,24.0,46.0,2.0,26.0,,,,,,,,,,,,,,,,,,,,,,,,,,,,,,,,,,,,,,,,,,,
Charlie's Colorforms City,,English,2019-03-22,14–25 min,"4 seasons, 23 episodes",2019-03-22,14.0,25.0,4.0,23.0,,,,,,,,,,,,,,,,,,,,,,,,,,,,,,,,,,,,,,,,,,,
Green Eggs and Ham,,English,2019-11-08,27–28 min,"1 season, 13 episodes",2019-11-08,27.0,28.0,1.0,13.0,,,,,,,,,,,,,,,,,,,,,,,,,,,,,,,,,,,,,,,,,,,
Go! Go! Cory Carson,,English,2020-01-04,7–11 min,"6 seasons, 63 episodes",2020-01-04,7.0,11.0,6.0,63.0,,,,,,,,,,,,,,,,,,,,,,,,,,,,,,,,,,,,,,,,,,,
StarBeam,,English,2020-04-03,4–32 min,"4 seasons, 41 episodes",2020-04-03,4.0,32.0,4.0,41.0,,,,,,,,,,,,,,,,,,,,,,,,,,,,,,,,,,,,,,,,,,,
Rhyme Time Town,,English,2020-06-19,24 min,"2 seasons, 21 episodes",2020-06-19,2.0,4.0,2.0,21.0,,,,,,,,,,,,,,,,,,,,,,,,,,,,,,,,,,,,,,,,,,,
Jurassic World Camp Cretaceous,,English,2020-09-18,24 min,"4 seasons, 37 episodes",2020-09-18,2.0,4.0,4.0,37.0,,,,,,,,,,,,,,,,,,,,,,,,,,,,,,,,,,,,,,,,,,,
Mighty Express,,English,2020-09-22,14–25 min,"5 seasons, 34 episodes",2020-09-22,14.0,25.0,5.0,34.0,,,,,,,,,,,,,,,,,,,,,,,,,,,,,,,,,,,,,,,,,,,
Trash Truck,,English,2020-11-10,10–17 min,"2 seasons, 28 episodes",2020-11-10,10.0,17.0,2.0,28.0,,,,,,,,,,,,,,,,,,,,,,,,,,,,,,,,,,,,,,,,,,,
Gabby's Dollhouse,,English,2021-01-05,23–30 min,"4 seasons, 33 episodes",2021-01-05,23.0,30.0,4.0,33.0,,,,,,,,,,,,,,,,,,,,,,,,,,,,,,,,,,,,,,,,,,,
"Go, Dog. Go!",,English,2021-01-26,24 min,"2 seasons, 18 episodes",2021-01-26,2.0,4.0,2.0,18.0,,,,,,,,,,,,,,,,,,,,,,,,,,,,,,,,,,,,,,,,,,,
Kayko and Kokosh,,English,2021-02-28,14–16 min,"2 seasons, 14 episodes",2021-02-28,14.0,16.0,2.0,14.0,,,,,,,,,,,,,,,,,,,,,,,,,,,,,,,,,,,,,,,,,,,
We the People,,English,2021-07-04,4–5 min,"1 season, 10 episodes",2021-07-04,4.0,5.0,1.0,10.0,,,,,,,,,,,,,,,,,,,,,,,,,,,,,,,,,,,,,,,,,,,
Ridley Jones,,English,2021-07-13,27–28 min,"3 seasons, 15 episodes",2021-07-13,27.0,28.0,3.0,15.0,,,,,,,,,,,,,,,,,,,,,,,,,,,,,,,,,,,,,,,,,,,
Johnny Test,,English,2021-07-16,13–14 min,"2 seasons, 40 episodes",2021-07-16,13.0,14.0,2.0,40.0,,,,,,,,,,,,,,,,,,,,,,,,,,,,,,,,,,,,,,,,,,,
Oggy Oggy,,English,2021-08-24,22 min,"1 season, 16 episodes",2021-08-24,2.0,2.0,1.0,16.0,,,,,,,,,,,,,,,,,,,,,,,,,,,,,,,,,,,,,,,,,,,
I Heart Arlo,,English,2021-08-27,14–25 min,"1 season, 19 episodes",2021-08-27,14.0,25.0,1.0,19.0,,,,,,,,,,,,,,,,,,,,,,,,,,,,,,,,,,,,,,,,,,,
Sharkdog,,English,2021-09-03,14–22 min,"1 season, 7 episodes",2021-09-03,14.0,22.0,1.0,7.0,,,,,,,,,,,,,,,,,,,,,,,,,,,,,,,,,,,,,,,,,,,
Octonauts: Above & Beyond,,English,2021-09-07,25 min,"1 season, 13 episodes",2021-09-07,2.0,5.0,1.0,13.0,,,,,,,,,,,,,,,,,,,,,,,,,,,,,,,,,,,,,,,,,,,
He-Man and the Masters of the Universe,,English,2021-09-16,25–26 min,"2 seasons, 18 episodes",2021-09-16,25.0,26.0,2.0,18.0,,,,,,,,,,,,,,,,,,,,,,,,,,,,,,,,,,,,,,,,,,,
"Ada Twist, Scientist",,English,2021-09-28,25–29 min,"2 seasons, 12 episodes",2021-09-28,25.0,29.0,2.0,12.0,,,,,,,,,,,,,,,,,,,,,,,,,,,,,,,,,,,,,,,,,,,
A Tale Dark & Grimm,,English,2021-10-08,27–30 min,"1 season, 10 episodes",2021-10-08,27.0,30.0,1.0,10.0,,,,,,,,,,,,,,,,,,,,,,,,,,,,,,,,,,,,,,,,,,,
Karma's World,,English,2021-10-15,13 min,"1 season, 15 episodes",2021-10-15,1.0,3.0,1.0,15.0,,,,,,,,,,,,,,,,,,,,,,,,,,,,,,,,,,,,,,,,,,,
"StoryBots: Laugh, Learn, Sing",,English,2021-11-16,59 min,"1 season, 1 episode",2021-11-16,5.0,9.0,1.0,1.0,,,,,,,,,,,,,,,,,,,,,,,,,,,,,,,,,,,,,,,,,,,
Dogs in Space,,English,2021-11-18,20–23 min,"1 season, 10 episodes",2021-11-18,20.0,23.0,1.0,10.0,,,,,,,,,,,,,,,,,,,,,,,,,,,,,,,,,,,,,,,,,,,
Word Party Presents: Math!,,English,2021-12-28,26 min,"1 season, 10 episodes",2021-12-28,2.0,6.0,1.0,10.0,,,,,,,,,,,,,,,,,,,,,,,,,,,,,,,,,,,,,,,,,,,
Action Pack,,English,2022-01-04,27–29 min,"1 season, 10 episodes",2022-01-04,27.0,29.0,1.0,10.0,,,,,,,,,,,,,,,,,,,,,,,,,,,,,,,,,,,,,,,,,,,
Angry Birds: Summer Madness,,English,2022-01-28,11 min,"1 season, 16 episodes",2022-01-28,1.0,1.0,1.0,16.0,,,,,,,,,,,,,,,,,,,,,,,,,,,,,,,,,,,,,,,,,,,
The Cuphead Show!,,English,2022-02-18,14–17 min,"1 season, 12 episodes",2022-02-18,14.0,17.0,1.0,12.0,,,,,,,,,,,,,,,,,,,,,,,,,,,,,,,,,,,,,,,,,,,
Team Zenko Go,,English,2022-03-15,TBA,"1 season, 12 episodes[67]",2022-03-15,0.0,0.0,1.0,12.0,,,,,,,,,,,,,,,,,,,,,,,,,,,,,,,,,,,,,,,,,,,
Transformers: Botbots[68],,English,2022-03-25,TBA,"1 season, 10 episodes[70]",2022-03-25,0.0,0.0,1.0,10.0,,,,,,,,,,,,,,,,,,,,,,,,,,,,,,,,,,,,,,,,,,,
Trivia Quest[71],,English,2022-04-01,TBA,"1 season, 30 episodes",2022-04-01,0.0,0.0,1.0,30.0,,,,,,,,,,,,,,,,,,,,,,,,,,,,,,,,,,,,,,,,,,,
My Little Pony: Make Your Mark[72],,English,2022-09-26,22 min[72],"1 season, 8 episodes[72]",2022-09-26,0.0,0.0,1.0,8.0,,,,,,,,,,,,,,,,,,,,,,,,,,,,,,,,,,,,,,,,,,,
Finding Ola,Comedy-drama,English,2022-02-03,46–55 min,"1 season, 6 episodes",2022-02-03,46.0,55.0,1.0,6.0,,,,,,1.0,1.0,,,,,,,,,,,,,,,,,,,,,,,,,,,,,,,,,,,,
"Love, Life & Everything in Between",Romantic comedy,English,2022-03-10,TBA,TBA,2022-03-10,0.0,0.0,0.0,0.0,,,,,,,1.0,,1.0,,,,,,,,,,,,,,,,,,,,,,,,,,,,,,,,,,
The Chestnut Man,Crime drama,English,2021-09-29,51–59 min,"1 season, 6 episodes",2021-09-29,51.0,59.0,1.0,6.0,,1.0,,,,1.0,,,,,,,,,,,,,,,,,,,,,,,,,,,,,,,,,,,,,
Elves,Fantasy horror,English,2021-11-28,20–26 min,"1 season, 6 episodes",2021-11-28,20.0,26.0,1.0,6.0,,,,1.0,1.0,,,,,,,,,,,,,,,,,,,,,,,,,,,,,,,,,,,,,,
Chosen,Coming-of-age science fiction,English,2022-01-27,41–49 min,"1 season, 6 episodes",2022-01-27,41.0,49.0,1.0,6.0,,,1.0,,,,,,,,,,,,,,,,,,,,,1.0,,,,,,,,,,,,,,,,,,,
Mortel,Supernatural drama,English,2019-11-21,46–54 min,"2 seasons, 12 episodes",2019-11-21,46.0,54.0,2.0,12.0,,,,,,1.0,,,,,,,,,,,,,,,,,,,,,,,,,,,,,,1.0,,,,,,,
Into the Night,Science fiction,English,2020-05-01,32–40 min,"2 seasons, 12 episodes",2020-05-01,32.0,40.0,2.0,12.0,,,1.0,,,,,,,,,,,,,,,,,,,,,,,,,,,,,,,,,,,,,,,,
Lupin,Drama,English,2021-01-08,40–52 min,"2 parts, 10 episodes",2021-01-08,40.0,52.0,2.0,10.0,,,,,,1.0,,,,,,,,,,,,,,,,,,,,,,,,,,,,,,,,,,,,,
Ganglands,Thriller,English,2021-09-24,44–51 min,"1 season, 6 episodes",2021-09-24,44.0,51.0,1.0,6.0,,,,,,,,,,1.0,,,,,,,,,,,,,,,,,,,,,,,,,,,,,,,,,
Christmas Flow,Romantic comedy/Musical,English,2021-11-17,47–54 min,"1 season, 3 episodes",2021-11-17,47.0,54.0,1.0,3.0,,,,,,,1.0,,1.0,,1.0,,,,,,,,,,,,,,,,,,,,,,,,,,,,,,,,
Standing Up[76][77],Comedy-drama,English,2022-03-18,TBA,TBA,2022-03-18,0.0,0.0,0.0,0.0,,,,,,1.0,1.0,,,,,,,,,,,,,,,,,,,,,,,,,,,,,,,,,,,,
How to Sell Drugs Online (Fast),Dark comedy,English,2019-05-31,24–36 min,"3 seasons, 18 episodes",2019-05-31,24.0,36.0,3.0,18.0,,,,,,,1.0,,,,,,,,,,,,,,,,,,,,,,,,,,,,,,,,,,,,
Biohackers,Thriller,English,2020-08-20,40–46 min,"2 seasons, 12 episodes",2020-08-20,40.0,46.0,2.0,12.0,,,,,,,,,,1.0,,,,,,,,,,,,,,,,,,,,,,,,,,,,,,,,,
Barbarians,Historical drama,English,2020-10-23,41–51 min,"1 season, 6 episodes",2020-10-23,41.0,51.0,1.0,6.0,,,,,,1.0,,,,,,,,,,,,,,,,1.0,,,,,,,,,,,,,,,,,,,,,
Life's a Glitch with Julien Bam,Science fiction comedy-drama,English,2021-10-21,32–36 min,"1 season, 4 episodes",2021-10-21,32.0,36.0,1.0,4.0,,,1.0,,,1.0,1.0,,,,,,,,,,,,,,,,,,,,,,,,,,,,,,,,,,,,
Kitz,Young adult mystery drama,English,2021-12-30,41–45 min,"1 season, 6 episodes",2021-12-30,41.0,45.0,1.0,6.0,,,,,,1.0,,,,,,,,,,,,,,,,,,,,,,,,,,,,,,,1.0,,,,,,
Delhi Crime,Police procedural,English,2019-03-22,45–64 min,"1 season, 7 episodes",2019-03-22,45.0,64.0,1.0,7.0,,,,,,,,,,,,,,,,,,,,,,,,,,,,,,,,,,,,,,,,,,,
Jamtara - Sabka Number Ayega,Crime drama,English,2020-01-10,23–49 min,"1 season, 10 episodes",2020-01-10,23.0,49.0,1.0,10.0,,1.0,,,,1.0,,,,,,,,,,,,,,,,,,,,,,,,,,,,,,,,,,,,,
She,Crime drama,English,2020-03-20,31–43 min,"1 season, 7 episodes",2020-03-20,31.0,43.0,1.0,7.0,,1.0,,,,1.0,,,,,,,,,,,,,,,,,,,,,,,,,,,,,,,,,,,,,
Masaba Masaba,Drama,English,2020-08-28,25–34 min,"1 season, 6 episodes",2020-08-28,25.0,34.0,1.0,6.0,,,,,,1.0,,,,,,,,,,,,,,,,,,,,,,,,,,,,,,,,,,,,,
Mismatched,Romantic comedy,English,2020-11-20,29–35 min,"1 season, 6 episodes",2020-11-20,29.0,35.0,1.0,6.0,,,,,,,1.0,,1.0,,,,,,,,,,,,,,,,,,,,,,,,,,,,,,,,,,
Ray,Anthology series,English,2021-06-25,52–64 min,"1 season, 4 episodes",2021-06-25,52.0,64.0,1.0,4.0,,,,,,,,,,,,,,,,,,,,,,,,,,,,1.0,1.0,,,,,,,,,,,,,,
Feels Like Ishq,Anthology series,English,2021-07-23,25–31 min,"1 season, 6 episodes",2021-07-23,25.0,31.0,1.0,6.0,,,,,,,,,,,,,,,,,,,,,,,,,,,,1.0,1.0,,,,,,,,,,,,,,
Call My Agent: Bollywood,Workplace dramedy,English,2021-10-29,39–49 min,"1 season, 6 episodes",2021-10-29,39.0,49.0,1.0,6.0,,,,,,,,,,,,,,,,,,,,,,,,,,,,,,,,1.0,,,,,,,,,,,
Aranyak,Crime thriller,English,2021-12-10,37–48 min,"1 season, 8 episodes",2021-12-10,37.0,48.0,1.0,8.0,,1.0,,,,,,,,1.0,,,,,,,,,,,,,,,,,,,,,,,,,,,,,,,,,
Yeh Kaali Kaali Ankhein,Romantic thriller,English,2022-01-14,31–51 min,"1 season, 8 episodes",2022-01-14,31.0,51.0,1.0,8.0,,,,,,,,,1.0,1.0,,,,,,,,,,,,,,,,,,,,,,,,,,,,,,,,,
The Fame Game,Drama,English,2022-02-25,43–54 min,"1 season, 8 episodes",2022-02-25,43.0,54.0,1.0,8.0,,,,,,1.0,,,,,,,,,,,,,,,,,,,,,,,,,,,,,,,,,,,,,
Summertime,Teen drama,English,2020-04-29,34–54 min,"2 seasons, 16 episodes",2020-04-29,34.0,54.0,2.0,16.0,,,,,,1.0,,,,,,1.0,,,,,,,,,,,,,,,,,,,,,,,,,,,,,,,
Generation 56k,Romantic comedy,English,2021-07-01,26–33 min,"1 season, 8 episodes",2021-07-01,26.0,33.0,1.0,8.0,,,,,,,1.0,,1.0,,,,,,,,,,,,,,,,,,,,,,,,,,,,,,,,,,
Luna Park,Drama,English,2021-09-30,44–54 min,"1 season, 6 episodes",2021-09-30,44.0,54.0,1.0,6.0,,,,,,1.0,,,,,,,,,,,,,,,,,,,,,,,,,,,,,,,,,,,,,
An Astrological Guide for Broken Hearts,Romantic comedy,English,2021-10-27,30–38 min,"2 seasons, 12 episodes",2021-10-27,30.0,38.0,2.0,12.0,,,,,,,1.0,,1.0,,,,,,,,,,,,,,,,,,,,,,,,,,,,,,,,,,
Framed! A Sicilian Murder Mystery,Comedy,English,2022-01-01,26–35 min,"1 season, 6 episodes",2022-01-01,26.0,35.0,1.0,6.0,,,,,,,1.0,,,,,,,,,,,,,,,,,,,,,,,,,,,,,,,,,,,,
"Devotion, a Story of Love and Desire",Romantic drama,English,2022-02-14,38–45 min,"1 season, 6 episodes",2022-02-14,38.0,45.0,1.0,6.0,,,,,,1.0,,,1.0,,,,,,,,,,,,,,,,,,,,,,,,,,,,,,,,,,
The Naked Director,Period dramedy,English,2019-08-08,39–57 min,"2 seasons, 16 episodes",2019-08-08,39.0,57.0,2.0,16.0,,,,,,,,,,,,,,,,,,,,,,,,,,,1.0,,,,,,,,,,,,,,,,
Alice in Borderland,Fantasy thriller,English,2020-12-10,41–52 min,"1 season, 8 episodes",2020-12-10,41.0,52.0,1.0,8.0,,,,,1.0,,,,,1.0,,,,,,,,,,,,,,,,,,,,,,,,,,,,,,,,,
Creator's File: Gold,Mockumentary,English,2021-06-03,15–31 min,"1 season, 8 episodes",2021-06-03,15.0,31.0,1.0,8.0,,,,,,,,,,,,,,,,,,,,,,,,,,,,,,,,,,,,,,,,,,,
The Journalist,Drama,English,2022-01-13,45–58 min,"1 season, 6 episodes",2022-01-13,45.0,58.0,1.0,6.0,,,,,,1.0,,,,,,,,,,,,,,,,,,,,,,,,,,,,,,,,,,,,,
Fishbowl Wives,Drama,English,2022-02-14,38–51 min,"1 season, 8 episodes",2022-02-14,38.0,51.0,1.0,8.0,,,,,,1.0,,,,,,,,,,,,,,,,,,,,,,,,,,,,,,,,,,,,,
Move to Heaven,Melodrama,English,2021-05-14,43–61 min,"1 season, 10 episodes",2021-05-14,43.0,61.0,1.0,10.0,,,,,,1.0,,,,,,,,,,,,,,,,,,,,,,,,,,,,,,,,,,,,,
So Not Worth It,Sitcom,English,2021-06-18,30–34 min,"1 season, 12 episodes",2021-06-18,30.0,34.0,1.0,12.0,,,,,,,,1.0,,,,,,,,,,,,,,,,,,,,,,,,,,,,,,,,,,,
D.P.,Military drama,English,2021-08-27,45–55 min,"1 season, 6 episodes",2021-08-27,45.0,55.0,1.0,6.0,,,,,,1.0,,,,,,,,,,,,,,,,,,,,,,,,,,,,,,,,,1.0,,,,
Squid Game,Survival thriller,English,2021-09-17,32–63 min,"1 season, 9 episodes",2021-09-17,32.0,63.0,1.0,9.0,,,,,,,,,,1.0,,,,,,,,,,,,,,,,,,,,,,,,,,,,,,1.0,,,
My Name,Crime thriller,English,2021-10-15,45–58 min,"1 season, 8 episodes",2021-10-15,45.0,58.0,1.0,8.0,,1.0,,,,,,,,1.0,,,,,,,,,,,,,,,,,,,,,,,,,,,,,,,,,
Hellbound,Supernatural drama,English,2021-11-19,42–60 min,"1 season, 6 episodes",2021-11-19,42.0,60.0,1.0,6.0,,,,,,1.0,,,,,,,,,,,,,,,,,,,,,,,,,,,,,,1.0,,,,,,,
The Silent Sea,Science fiction thriller,English,2021-12-24,39–51 min,"1 season, 8 episodes",2021-12-24,39.0,51.0,1.0,8.0,,,1.0,,,,,,,1.0,,,,,,,,,,,,,,,,,,,,,,,,,,,,,,,,,
All of Us Are Dead,Supernatural drama,English,2022-01-28,53–71 min,"1 season, 12 episodes",2022-01-28,53.0,71.0,1.0,12.0,,,,,,1.0,,,,,,,,,,,,,,,,,,,,,,,,,,,,,,1.0,,,,,,,
Juvenile Justice,Drama,English,2022-02-25,54–69 min,"1 season, 10 episodes",2022-02-25,54.0,69.0,1.0,10.0,,,,,,1.0,,,,,,,,,,,,,,,,,,,,,,,,,,,,,,,,,,,,,
The Victims' Game,Thriller,English,2020-04-30,62–67 min,"1 season, 8 episodes",2020-04-30,62.0,67.0,1.0,8.0,,,,,,,,,,1.0,,,,,,,,,,,,,,,,,,,,,,,,,,,,,,,,,
More than Blue: The Series,Romantic drama,English,2021-10-22,42–50 min,"1 season, 10 episodes",2021-10-22,42.0,50.0,1.0,10.0,,,,,,1.0,,,1.0,,,,,,,,,,,,,,,,,,,,,,,,,,,,,,,,,,
Light the Night,Suspense thriller/Melodrama,English,2021-11-26,44–51 min,"2 parts, 16 episodes",2021-11-26,44.0,51.0,2.0,16.0,,,,,,1.0,,,,1.0,,,,,,,,,,,,,,,,,,,,,,,,,,,,,,,,,
Ragnarok,Fantasy superhero drama,English,2020-01-31,40–54 min,"2 seasons, 12 episodes",2020-01-31,40.0,54.0,2.0,12.0,1.0,,,,1.0,1.0,,,,,,,,,,,,,,,,,,,,,,,,,,,,,,,,,,,,,
Post Mortem: No One Dies in Skarnes,Supernatural drama,English,2021-08-25,43–47 min,"1 season, 6 episodes",2021-08-25,43.0,47.0,1.0,6.0,,,,,,1.0,,,,,,,,,,,,,,,,,,,,,,,,,,,,,,1.0,,,,,,,
Sexify,Comedy drama,English,2021-04-28,37–51 min,"1 season, 8 episodes",2021-04-28,37.0,51.0,1.0,8.0,,,,,,1.0,1.0,,,,,,,,,,,,,,,,,,,,,,,,,,,,,,,,,,,,
Open Your Eyes,Thriller,English,2021-08-25,42–54 min,"1 season, 6 episodes",2021-08-25,42.0,54.0,1.0,6.0,,,,,,,,,,1.0,,,,,,,,,,,,,,,,,,,,,,,,,,,,,,,,,
Cracow Monsters[92],Fantasy drama,English,2022-03-18,TBA,"1 season, 8 episodes",2022-03-18,0.0,0.0,1.0,8.0,,,,,1.0,1.0,,,,,,,,,,,,,,,,,,,,,,,,,,,,,,,,,,,,,
Sintonia,Crime teen drama,English,2019-08-09,37–55 min,"2 seasons, 12 episodes",2019-08-09,37.0,55.0,2.0,12.0,,1.0,,,,1.0,,,,,,1.0,,,,,,,,,,,,,,,,,,,,,,,,,,,,,,,
Brotherhood,Crime drama,English,2019-10-25,47–57 min,"1 season, 8 episodes",2019-10-25,47.0,57.0,1.0,8.0,,1.0,,,,1.0,,,,,,,,,,,,,,,,,,,,,,,,,,,,,,,,,,,,,
"Good Morning, Verônica",Crime drama,English,2020-10-01,41–49 min,"1 season, 8 episodes",2020-10-01,41.0,49.0,1.0,8.0,,1.0,,,,1.0,,,,,,,,,,,,,,,,,,,,,,,,,,,,,,,,,,,,,
Invisible City,Fantasy thriller,English,2021-02-05,31–40 min,"1 season, 7 episodes",2021-02-05,31.0,40.0,1.0,7.0,,,,,1.0,,,,,1.0,,,,,,,,,,,,,,,,,,,,,,,,,,,,,,,,,
Glória,Thriller,English,2021-11-05,40–47 min,"1 season, 10 episodes",2021-11-05,40.0,47.0,1.0,10.0,,,,,,,,,,1.0,,,,,,,,,,,,,,,,,,,,,,,,,,,,,,,,,
Summer Heat,Drama,English,2022-01-21,42–52 min,"1 season, 8 episodes",2022-01-21,42.0,52.0,1.0,8.0,,,,,,1.0,,,,,,,,,,,,,,,,,,,,,,,,,,,,,,,,,,,,,
Back to 15,Comedy,English,2022-02-25,35–44 min,"1 season, 6 episodes",2022-02-25,35.0,44.0,1.0,6.0,,,,,,,1.0,,,,,,,,,,,,,,,,,,,,,,,,,,,,,,,,,,,,
Elite,Crime teen drama,English,2018-10-05,40–56 min,"4 seasons, 32 episodes",2018-10-05,40.0,56.0,4.0,32.0,,1.0,,,,1.0,,,,,,1.0,,,,,,,,,,,,,,,,,,,,,,,,,,,,,,,
Almost Happy,Comedy,English,2020-05-01,21–28 min,"1 season, 10 episodes",2020-05-01,21.0,28.0,1.0,10.0,,,,,,,1.0,,,,,,,,,,,,,,,,,,,,,,,,,,,,,,,,,,,,
Valeria,Dramedy,English,2020-05-08,37–46 min,"2 seasons, 16 episodes",2020-05-08,37.0,46.0,2.0,16.0,,,,,,,,,,,,,,,,,,,,,,,,,,,,,,,,,,,,,,,,,,,
The Unremarkable Juanquini,Comedy,English,2020-05-15,24–37 min,"2 seasons, 15 episodes",2020-05-15,24.0,37.0,2.0,15.0,,,,,,,1.0,,,,,,,,,,,,,,,,,,,,,,,,,,,,,,,,,,,,
Control Z,Teen drama,English,2020-05-22,34–41 min,"2 seasons, 16 episodes",2020-05-22,34.0,41.0,2.0,16.0,,,,,,1.0,,,,,,1.0,,,,,,,,,,,,,,,,,,,,,,,,,,,,,,,
Daughter from Another Mother,Comedy,English,2021-01-20,34–44 min,"2 seasons, 17 episodes",2021-01-20,34.0,44.0,2.0,17.0,,,,,,,1.0,,,,,,,,,,,,,,,,,,,,,,,,,,,,,,,,,,,,
Sky Rojo,Action drama,English,2021-03-19,22–40 min,"2 seasons, 16 episodes",2021-03-19,22.0,40.0,2.0,16.0,,,,,,1.0,,,,,,,,,,,,,,,,,,,,,,,,,,,,1.0,,,,,,,,,
Who Killed Sara?,Crime drama,English,2021-03-24,36–46 min,"2 seasons, 18 episodes",2021-03-24,36.0,46.0,2.0,18.0,,1.0,,,,1.0,,,,,,,,,,,,,,,,,,,,,,,,,,,,,,,,,,,,,
Somos.,Drama,English,2021-06-30,42–73 min,"1 season, 6 episodes",2021-06-30,42.0,73.0,1.0,6.0,,,,,,1.0,,,,,,,,,,,,,,,,,,,,,,,,,,,,,,,,,,,,,
The War Next-door,Comedy,English,2021-07-07,29–32 min,"1 season, 8 episodes",2021-07-07,29.0,32.0,1.0,8.0,,,,,,,1.0,,,,,,,,,,,,,,,,,,,,,,,,,,,,,,,,,,,,
The Kingdom,Crime drama,English,2021-08-13,37–52 min,"1 season, 8 episodes",2021-08-13,37.0,52.0,1.0,8.0,,1.0,,,,1.0,,,,,,,,,,,,,,,,,,,,,,,,,,,,,,,,,,,,,
Everything Will Be Fine,Dramedy,English,2021-08-20,25–34 min,"1 season, 8 episodes",2021-08-20,25.0,34.0,1.0,8.0,,,,,,,,,,,,,,,,,,,,,,,,,,,,,,,,,,,,,,,,,,,
Jaguar,Historical drama,English,2021-09-22,37–51 min,"1 season, 6 episodes",2021-09-22,37.0,51.0,1.0,6.0,,,,,,1.0,,,,,,,,,,,,,,,,1.0,,,,,,,,,,,,,,,,,,,,,
The Five Juanas,Dramedy,English,2021-10-06,33–48 min,"1 season, 18 episodes",2021-10-06,33.0,48.0,1.0,18.0,,,,,,,,,,,,,,,,,,,,,,,,,,,,,,,,,,,,,,,,,,,
The Time It Takes,Drama,English,2021-10-29,12–13 min,"1 season, 10 episodes",2021-10-29,12.0,13.0,1.0,10.0,,,,,,1.0,,,,,,,,,,,,,,,,,,,,,,,,,,,,,,,,,,,,,
Rebelde,Teen drama,English,2022-01-05,32–48 min,"1 season, 8 episodes",2022-01-05,32.0,48.0,1.0,8.0,,,,,,1.0,,,,,,1.0,,,,,,,,,,,,,,,,,,,,,,,,,,,,,,,
Feria: The Darkest Light,Fantasy,English,2022-01-28,41–60 min,"1 season, 8 episodes",2022-01-28,41.0,60.0,1.0,8.0,,,,,1.0,,,,,,,,,,,,,,,,,,,,,,,,,,,,,,,,,,,,,,
Secrets of Summer,Teen drama,English,2022-02-16,23–37 min,"1 season, 11 episodes",2022-02-16,23.0,37.0,1.0,11.0,,,,,,1.0,,,,,,1.0,,,,,,,,,,,,,,,,,,,,,,,,,,,,,,,
Savage Rhythm,Drama,English,2022-03-02,27–49 min,"1 season, 8 episodes",2022-03-02,27.0,49.0,1.0,8.0,,,,,,1.0,,,,,,,,,,,,,,,,,,,,,,,,,,,,,,,,,,,,,
Once Upon a Time... Happily Never After[107],Musical comedy,English,2022-03-11,TBA,TBA,2022-03-11,0.0,0.0,0.0,0.0,,,,,,,1.0,,,,1.0,,,,,,,,,,,,,,,,,,,,,,,,,,,,,,,,
Welcome to Eden[109],Science-fiction,English,2022-04-01,TBA,TBA,2022-04-01,0.0,0.0,0.0,0.0,,,,,,,,,,,,,,,,,,,,,,,,,,,,,,,,,,,,,,,,,,,
Pálpito[111],Telenovela,English,2022-04-06,TBA,TBA,2022-04-06,0.0,0.0,0.0,0.0,,,,,,,,,,,,,,,,,,,,,,,,,,,,,,,,,,,,,,,,,1.0,,
Love & Anarchy,Romantic comedy,English,2020-11-04,25–33 min,"1 season, 8 episodes",2020-11-04,25.0,33.0,1.0,8.0,,,,,,,1.0,,1.0,,,,,,,,,,,,,,,,,,,,,,,,,,,,,,,,,,
Snabba Cash,Thriller,English,2021-04-07,38–51 min,"1 season, 6 episodes",2021-04-07,38.0,51.0,1.0,6.0,,,,,,,,,,1.0,,,,,,,,,,,,,,,,,,,,,,,,,,,,,,,,,
Young Royals,Coming-of-age drama,English,2021-07-01,40–50 min,"1 season, 6 episodes",2021-07-01,40.0,50.0,1.0,6.0,,,,,,1.0,,,,,,,,,,,,,,,,,,1.0,,,,,,,,,,,,,,,,,,,
Fatma,Crime drama,English,2021-04-27,39–47 min,"1 season, 6 episodes",2021-04-27,39.0,47.0,1.0,6.0,,1.0,,,,1.0,,,,,,,,,,,,,,,,,,,,,,,,,,,,,,,,,,,,,
Midnight at the Pera Palace,Drama,English,2022-03-03,40–47 min,"1 season, 8 episodes",2022-03-03,40.0,47.0,1.0,8.0,,,,,,1.0,,,,,,,,,,,,,,,,,,,,,,,,,,,,,,,,,,,,,
Wild Abandon[116],Drama,English,2022-03-30,TBA,TBA,2022-03-30,0.0,0.0,0.0,0.0,,,,,,1.0,,,,,,,,,,,,,,,,,,,,,,,,,,,,,,,,,,,,,
Katla,Supernatural drama,Icelandic,2021-06-17,41–51 min,"1 season, 8 episodes",2021-06-17,41.0,51.0,1.0,8.0,,,,,,1.0,,,,,,,,,,,,,,,,,,,,,,,,,,,,,,1.0,,,,,,,
Navarasa,Anthology series,Tamil,2021-08-06,28–48 min,"1 volume, 9 episodes",2021-08-06,28.0,48.0,1.0,9.0,,,,,,,,,,,,,,,,,,,,,,,,,,,,1.0,1.0,,,,,,,,,,,,,,
Bangkok Breaking,Thriller,Thai,2021-09-23,54–64 min,"1 season, 6 episodes",2021-09-23,54.0,64.0,1.0,6.0,,,,,,,,,,1.0,,,,,,,,,,,,,,,,,,,,,,,,,,,,,,,,,
Misfit: The Series,Teen musical comedy-drama,Dutch,2021-10-16,22–28 min,"1 season, 8 episodes",2021-10-16,22.0,28.0,1.0,8.0,,,,,,1.0,1.0,,,,1.0,1.0,,,,,,,,,,,,,,,,,,,,,,,,,,,,,,,
Somebody Feed Phil,Travel documentary,English,2018-01-12,44–63 min,"4 seasons, 22 episodes",2018-01-12,44.0,63.0,4.0,22.0,,,,,,,,,,,,,1.0,,,,,,,,,,,,,,,,,,,,,,,,,,,,,,
Explained,Docuseries,English,2018-05-23,14–26 min,"3 seasons, 44 episodes",2018-05-23,14.0,26.0,3.0,44.0,,,,,,,,,,,,,,,,,,,,,1.0,,,,,,,,1.0,,,,,,,,,,,,,,
Dogs,Docuseries,English,2018-11-16,44–54 min,"2 seasons, 10 episodes",2018-11-16,44.0,54.0,2.0,10.0,,,,,,,,,,,,,,,,,,,,,1.0,,,,,,,,1.0,,,,,,,,,,,,,,
Formula 1: Drive to Survive,Sport,English,2019-03-08,27–51 min,"3 seasons, 30 episodes",2019-03-08,27.0,51.0,3.0,30.0,,,,,,,,,,,,,,1.0,,,,,,,,,,,,,,,,,,,,,,,,,,,,,
"The Mind, Explained",Docuseries,English,2019-09-12,19–26 min,"2 seasons, 10 episodes",2019-09-12,19.0,26.0,2.0,10.0,,,,,,,,,,,,,,,,,,,,,1.0,,,,,,,,1.0,,,,,,,,,,,,,,
The Movies That Made Us,Docuseries,English,2019-11-29,43–54 min,"3 seasons, 16 episodes",2019-11-29,43.0,54.0,3.0,16.0,,,,,,,,,,,,,,,,,,,,,1.0,,,,,,,,1.0,,,,,,,,,,,,,,
Cheer,Docuseries,English,2020-01-08,40–66 min,"2 seasons, 15 episodes",2020-01-08,40.0,66.0,2.0,15.0,,,,,,,,,,,,,,,,,,,,,1.0,,,,,,,,1.0,,,,,,,,,,,,,,
"Tiger King: Murder, Mayhem and Madness",Docuseries,English,2020-03-20,40–48 min,"2 seasons, 13 episodes",2020-03-20,40.0,48.0,2.0,13.0,,,,,,,,,,,,,,,,,,,,,1.0,,,,,,,,1.0,,,,,,,,,,,,,,
Unsolved Mysteries,Docuseries,English,2020-07-01,36–51 min,"2 volumes, 12 episodes",2020-07-01,36.0,51.0,2.0,12.0,,,,,,,,,,,,,,,,,,,,,1.0,,,,,,,,1.0,,,,,,,,,,,,,,
Down to Earth with Zac Efron,Docuseries,English,2020-07-10,33–46 min,"1 season, 8 episodes",2020-07-10,33.0,46.0,1.0,8.0,,,,,,,,,,,,,,,,,,,,,1.0,,,,,,,,1.0,,,,,,,,,,,,,,
Izzy's Koala World,Educational,English,2020-09-15,14–18 min,"2 seasons, 16 episodes",2020-09-15,14.0,18.0,2.0,16.0,,,,,,,,,,,,,,,,,,,,1.0,,,,,,,,,,,,,,,,,,,,,,,
Last Chance U: Basketball,Docuseries,English,2021-03-10,50–61 min,"1 season, 8 episodes",2021-03-10,50.0,61.0,1.0,8.0,,,,,,,,,,,,,,,,,,,,,1.0,,,,,,,,1.0,,,,,,,,,,,,,,
Headspace Guide to Sleep,Docuseries,English,2021-04-28,15–20 min,"1 season, 7 episodes",2021-04-28,15.0,20.0,1.0,7.0,,,,,,,,,,,,,,,,,,,,,1.0,,,,,,,,1.0,,,,,,,,,,,,,,
High on the Hog: How African American Cuisine Transformed America,Docuseries,English,2021-05-26,47–58 min,"1 season, 4 episodes",2021-05-26,47.0,58.0,1.0,4.0,,,,,,,,,,,,,,,,,,,,,1.0,,,,,,,,1.0,,,,,,,,,,,,,,
Penguin Town,Docuseries,English,2021-06-16,25–30 min,"1 season, 8 episodes",2021-06-16,25.0,30.0,1.0,8.0,,,,,,,,,,,,,,,,,,,,,1.0,,,,,,,,1.0,,,,,,,,,,,,,,
Cat People,Docuseries,English,2021-07-07,28–35 min,"1 season, 6 episodes",2021-07-07,28.0,35.0,1.0,6.0,,,,,,,,,,,,,,,,,,,,,1.0,,,,,,,,1.0,,,,,,,,,,,,,,
How to Become a Tyrant,Docuseries,English,2021-07-09,25–30 min,"1 season, 6 episodes",2021-07-09,25.0,30.0,1.0,6.0,,,,,,,,,,,,,,,,,,,,,1.0,,,,,,,,1.0,,,,,,,,,,,,,,
Heist,True crime,English,2021-07-14,41–48 min,"1 season, 6 episodes",2021-07-14,41.0,48.0,1.0,6.0,,1.0,,,,,,,,,,,,,1.0,,,,,,,,,,,,,,,,,,,,,,,,,,,,
Myth & Mogul: John DeLorean,Docuseries,English,2021-07-30,41–48 min,"1 season, 3 episodes",2021-07-30,41.0,48.0,1.0,3.0,,,,,,,,,,,,,,,,,,,,,1.0,,,,,,,,1.0,,,,,,,,,,,,,,
John of God: The Crimes of a Spiritual Healer,True crime,Portuguese,2021-08-25,48–56 min,"1 season, 4 episodes",2021-08-25,48.0,56.0,1.0,4.0,,1.0,,,,,,,,,,,,,1.0,,,,,,,,,,,,,,,,,,,,,,,,,,,,
Turning Point: 9/11 and the War on Terror,Docuseries,English,2021-09-01,59–66 min,"1 season, 5 episodes",2021-09-01,59.0,66.0,1.0,5.0,,,,,,,,,,,,,,,,,,,,,1.0,,,,,,,,1.0,,,,,,,,,,,,,,
Crime Stories: India Detectives,True crime,Kannada,2021-09-22,37–53 min,"1 season, 4 episodes",2021-09-22,37.0,53.0,1.0,4.0,,1.0,,,,,,,,,,,,,1.0,,,,,,,,,,,,,,,,,,,,,,,,,,,,
"Vendetta: Truth, Lies and The Mafia",True crime,Italian,2021-09-24,33–44 min,"1 season, 6 episodes",2021-09-24,33.0,44.0,1.0,6.0,,1.0,,,,,,,,,,,,,1.0,,,,,,,,,,,,,,,,,,,,,,,,,,,,
A Sinister Sect: Colonia Dignidad,True crime,Spanish,2021-10-01,41–65 min,"1 season, 6 episodes",2021-10-01,41.0,65.0,1.0,6.0,,1.0,,,,,,,,,,,,,1.0,,,,,,,,,,,,,,,,,,,,,,,,,,,,
Bad Sport,Sport/True crime,English,2021-10-06,55–85 min,"1 volume, 6 episodes",2021-10-06,55.0,85.0,1.0,6.0,,1.0,,,,,,,,,,,,1.0,1.0,,,,,,,,,,,,,,,,,,,,,,,,,,,,
The Raincoat Killer: Chasing a Predator in Korea,True crime,Korean,2021-10-22,43–53 min,"1 season, 3 episodes",2021-10-22,43.0,53.0,1.0,3.0,,1.0,,,,,,,,,,,,,1.0,,,,,,,,,,,,,,,,,,,,,,,,,,,,
Catching Killers,True crime,English,2021-11-04,31–41 min,"2 seasons, 8 episodes",2021-11-04,31.0,41.0,2.0,8.0,,1.0,,,,,,,,,,,,,1.0,,,,,,,,,,,,,,,,,,,,,,,,,,,,
Animal,Nature documentary,English,2021-11-10,43–49 min,"1 season, 4 episodes",2021-11-10,43.0,49.0,1.0,4.0,,,,,,,,,,,,,,,,,,,,,,,,,,,,,,,,,,,,,,,,,,,
Voir,Docuseries,English,2021-12-06,17–23 min,"1 season, 6 episodes",2021-12-06,17.0,23.0,1.0,6.0,,,,,,,,,,,,,,,,,,,,,1.0,,,,,,,,1.0,,,,,,,,,,,,,,
Heavenly Bites: Mexico,Docuseries,Spanish,2022-01-19,27–32 min,"1 season, 6 episodes",2022-01-19,27.0,32.0,1.0,6.0,,,,,,,,,,,,,,,,,,,,,1.0,,,,,,,,1.0,,,,,,,,,,,,,,
Midnight Asia: Eat. Dance. Dream.,Travel documentary,English,2022-01-20,33–39 min,"1 season, 6 episodes",2022-01-20,33.0,39.0,1.0,6.0,,,,,,,,,,,,,1.0,,,,,,,,,,,,,,,,,,,,,,,,,,,,,,
Bad Vegan: Fame. Fraud. Fugitive.[126],Docuseries,English,2022-03-16,TBA,4 episodes,2022-03-16,0.0,0.0,0.0,4.0,,,,,,,,,,,,,,,,,,,,,1.0,,,,,,,,1.0,,,,,,,,,,,,,,
The Great Robbery of Brazil's Central Bank[128],True crime,Portuguese,2022-03-16,50 min,"1 season, 3 episodes",2022-03-16,5.0,0.0,1.0,3.0,,1.0,,,,,,,,,,,,,1.0,,,,,,,,,,,,,,,,,,,,,,,,,,,,
The Principles of Pleasure[129],Docuseries,English,2022-03-22,TBA,TBA,2022-03-22,0.0,0.0,0.0,0.0,,,,,,,,,,,,,,,,,,,,,1.0,,,,,,,,1.0,,,,,,,,,,,,,,
800 Meters[131],Docuseries,Spanish,2022-03-25,TBA,TBA,2022-03-25,0.0,0.0,0.0,0.0,,,,,,,,,,,,,,,,,,,,,1.0,,,,,,,,1.0,,,,,,,,,,,,,,
Johnny Hallyday: Beyond Rock[133],Docuseries,French,2022-03-29,TBA,TBA,2022-03-29,0.0,0.0,0.0,0.0,,,,,,,,,,,,,,,,,,,,,1.0,,,,,,,,1.0,,,,,,,,,,,,,,
Queer Eye,Makeover reality,English,2018-02-07,43–52 min,"6 seasons, 52 episodes",2018-02-07,43.0,52.0,6.0,52.0,,,,,,,,,,,,,,,,1.0,,,,,,,,,,,,,,,,,,,,,,,,,,,
Nailed It!,Baking competition,English,2018-03-09,12–35 min,"6 seasons, 39 episodes",2018-03-09,12.0,35.0,6.0,39.0,,,,,,,,,,,,,,,,,1.0,,,,,,,,,,,,,,,,,,,,,,,,,,
Car Masters: Rust to Riches,Reality,English,2018-09-14,31–40 min,"3 seasons, 24 episodes",2018-09-14,31.0,40.0,3.0,24.0,,,,,,,,,,,,,,,,1.0,,,,,,,,,,,,,,,,,,,,,,,,,,,
Haunted,Horror,English,2018-10-19,20–34 min,"3 seasons, 18 episodes",2018-10-19,20.0,34.0,3.0,18.0,,,,1.0,,,,,,,,,,,,,,,,,,,,,,,,,,,,,,,,,,,,,,,
Selling Sunset,Reality,English,2019-03-22,28–46 min,"4 seasons, 34 episodes",2019-03-22,28.0,46.0,4.0,34.0,,,,,,,,,,,,,,,,1.0,,,,,,,,,,,,,,,,,,,,,,,,,,,
Rhythm + Flow,Music competition,English,2019-10-09,51–69 min,"1 season, 10 episodes",2019-10-09,51.0,69.0,1.0,10.0,,,,,,,,,,,,,,,,,1.0,,,,,,,,,,,,,,,,,,,,,,,,,,
Prank Encounters,Prank show,English,2019-10-25,19–27 min,"2 seasons, 15 episodes",2019-10-25,19.0,27.0,2.0,15.0,,,,,,,,,,,,,,,,,,,1.0,,,,,,,,,,,,,,,,,,,,,,,,
The Circle,Reality competition,English,2020-01-01,44–63 min,"3 seasons, 38 episodes",2020-01-01,44.0,63.0,3.0,38.0,,,,,,,,,,,,,,,,1.0,1.0,,,,,,,,,,,,,,,,,,,,,,,,,,
Next in Fashion,Reality competition,English,2020-01-29,46–56 min,"1 season, 10 episodes",2020-01-29,46.0,56.0,1.0,10.0,,,,,,,,,,,,,,,,1.0,1.0,,,,,,,,,,,,,,,,,,,,,,,,,,
Love Is Blind,Dating show,English,2020-02-13,41–84 min,"2 seasons, 25 episodes",2020-02-13,41.0,84.0,2.0,25.0,,,,,,,,,,,,,,,,,,,1.0,,,,,,,,,,,,,,,,,,,,,,,1.0,
Too Hot to Handle,Dating show,English,2020-04-17,32–49 min,"3 seasons, 29 episodes",2020-04-17,32.0,49.0,3.0,29.0,,,,,,,,,,,,,,,,,,,1.0,,,,,,,,,,,,,,,,,,,,,,,1.0,
Floor Is Lava,Game show,English,2020-06-19,25–37 min,"1 season, 10 episodes",2020-06-19,25.0,37.0,1.0,10.0,,,,,,,,,,,,,,,,,,,1.0,,,,,,,,,,,,,,,,,,,,,,,,1.0
Indian Matchmaking,Dating show,English,2020-07-16,26–42 min,"1 season, 8 episodes",2020-07-16,26.0,42.0,1.0,8.0,,,,,,,,,,,,,,,,,,,1.0,,,,,,,,,,,,,,,,,,,,,,,1.0,
Get Organized with The Home Edit,Reality,English,2020-09-09,40–47 min,"1 season, 8 episodes",2020-09-09,40.0,47.0,1.0,8.0,,,,,,,,,,,,,,,,1.0,,,,,,,,,,,,,,,,,,,,,,,,,,,
The American Barbecue Showdown,Reality competition,English,2020-09-18,41–44 min,"1 season, 8 episodes",2020-09-18,41.0,44.0,1.0,8.0,,,,,,,,,,,,,,,,1.0,1.0,,,,,,,,,,,,,,,,,,,,,,,,,,
Dream Home Makeover,Reality,English,2020-10-16,22–29 min,"2 seasons, 12 episodes",2020-10-16,22.0,29.0,2.0,12.0,,,,,,,,,,,,,,,,1.0,,,,,,,,,,,,,,,,,,,,,,,,,,,
Fabulous Lives of Bollywood Wives,Reality,English,2020-11-27,32–44 min,"1 season, 8 episodes",2020-11-27,32.0,44.0,1.0,8.0,,,,,,,,,,,,,,,,1.0,,,,,,,,,,,,,,,,,,,,,,,,,,,
Bling Empire,Reality,English,2021-01-15,31–47 min,"1 season, 8 episodes",2021-01-15,31.0,47.0,1.0,8.0,,,,,,,,,,,,,,,,1.0,,,,,,,,,,,,,,,,,,,,,,,,,,,
The Big Day,Reality,English,2021-02-14,37–45 min,"2 collections, 6 episodes",2021-02-14,37.0,45.0,2.0,6.0,,,,,,,,,,,,,,,,1.0,,,,,,,,,,,,,,,,,,,,,,,,,,,
The Wedding Coach,Reality,English,2021-04-07,31–33 min,"1 season, 6 episodes",2021-04-07,31.0,33.0,1.0,6.0,,,,,,,,,,,,,,,,1.0,,,,,,,,,,,,,,,,,,,,,,,,,,,
Pet Stars,Reality,English,2021-04-30,26–28 min,"1 season, 5 episodes",2021-04-30,26.0,28.0,1.0,5.0,,,,,,,,,,,,,,,,1.0,,,,,,,,,,,,,,,,,,,,,,,,,,,
Lava Ka Dhaava,Game show,Hindi,2021-05-05,24–37 min,"1 season, 10 episodes",2021-05-05,24.0,37.0,1.0,10.0,,,,,,,,,,,,,,,,,,,1.0,,,,,,,,,,,,,,,,,,,,,,,,1.0
"Fresh, Fried and Crispy",Travel reality,English,2021-06-09,24–26 min,"1 season, 8 episodes",2021-06-09,24.0,26.0,1.0,8.0,,,,,,,,,,,,,1.0,,,1.0,,,,,,,,,,,,,,,,,,,,,,,,,,,
World's Most Amazing Vacation Rentals,Travel reality,English,2021-06-18,31–34 min,"2 seasons, 16 episodes",2021-06-18,31.0,34.0,2.0,16.0,,,,,,,,,,,,,1.0,,,1.0,,,,,,,,,,,,,,,,,,,,,,,,,,,
My Unorthodox Life,Reality,English,2021-07-14,35–44 min,"1 season, 9 episodes",2021-07-14,35.0,44.0,1.0,9.0,,,,,,,,,,,,,,,,1.0,,,,,,,,,,,,,,,,,,,,,,,,,,,
Sexy Beasts,Dating show,English,2021-07-21,22–24 min,"2 seasons, 12 episodes",2021-07-21,22.0,24.0,2.0,12.0,,,,,,,,,,,,,,,,,,,1.0,,,,,,,,,,,,,,,,,,,,,,,1.0,
Too Hot to Handle: Brazil,Dating show,Portuguese,2021-07-21,53–64 min,"1 season, 8 episodes",2021-07-21,53.0,64.0,1.0,8.0,,,,,,,,,,,,,,,,,,,1.0,,,,,,,,,,,,,,,,,,,,,,,1.0,
Tattoo Redo,Reality,English,2021-07-28,20–29 min,"1 season, 6 episodes",2021-07-28,20.0,29.0,1.0,6.0,,,,,,,,,,,,,,,,1.0,,,,,,,,,,,,,,,,,,,,,,,,,,,
Bake Squad,Baking competition,English,2021-08-11,33–36 min,"1 season, 8 episodes",2021-08-11,33.0,36.0,1.0,8.0,,,,,,,,,,,,,,,,,1.0,,,,,,,,,,,,,,,,,,,,,,,,,,
Motel Makeover,Reality,English,2021-08-25,28–31 min,"1 season, 6 episodes",2021-08-25,28.0,31.0,1.0,6.0,,,,,,,,,,,,,,,,1.0,,,,,,,,,,,,,,,,,,,,,,,,,,,
Titletown High,Reality,English,2021-08-27,30–35 min,"1 season, 8 episodes",2021-08-27,30.0,35.0,1.0,8.0,,,,,,,,,,,,,,,,1.0,,,,,,,,,,,,,,,,,,,,,,,,,,,
Sparking Joy,Reality show,Japanese,2021-08-31,39–45 min,"1 season, 3 episodes",2021-08-31,39.0,45.0,1.0,3.0,,,,,,,,,,,,,,,,1.0,,,1.0,,,,,,,,,,,,,,,,,,,,,,,,
How to Be a Cowboy,Reality,English,2021-09-01,22–26 min,"1 season, 6 episodes",2021-09-01,22.0,26.0,1.0,6.0,,,,,,,,,,,,,,,,1.0,,,,,,,,,,,,,,,,,,,,,,,,,,,
Metal Shop Masters,Reality competition,English,2021-09-10,31–35 min,"1 season, 6 episodes",2021-09-10,31.0,35.0,1.0,6.0,,,,,,,,,,,,,,,,1.0,1.0,,,,,,,,,,,,,,,,,,,,,,,,,,
Too Hot to Handle: Latino,Reality show,Spanish,2021-09-15,29–39 min,"1 season, 8 episodes",2021-09-15,29.0,39.0,1.0,8.0,,,,,,,,,,,,,,,,1.0,,,1.0,,,,,,,,,,,,,,,,,,,,,,,,
Jailbirds: New Orleans,Reality show,English,2021-09-24,38–42 min,"1 season, 3 episodes",2021-09-24,38.0,42.0,1.0,3.0,,,,,,,,,,,,,,,,1.0,,,1.0,,,,,,,,,,,,,,,,,,,,,,,,
Baking Impossible,Baking competition,English,2021-10-06,47–51 min,"1 season, 8 episodes",2021-10-06,47.0,51.0,1.0,8.0,,,,,,,,,,,,,,,,,1.0,,,,,,,,,,,,,,,,,,,,,,,,,,
Love Is Blind: Brazil,Dating show,Portuguese,2021-10-06,42–62 min,"1 season, 10 episodes",2021-10-06,42.0,62.0,1.0,10.0,,,,,,,,,,,,,,,,,,,1.0,,,,,,,,,,,,,,,,,,,,,,,1.0,
Insiders,Reality show,Spanish,2021-10-21,43–60 min,"1 season, 7 episodes",2021-10-21,43.0,60.0,1.0,7.0,,,,,,,,,,,,,,,,1.0,,,1.0,,,,,,,,,,,,,,,,,,,,,,,,
"Sex, Love & goop",Reality show,English,2021-10-21,30–40 min,"1 season, 6 episodes",2021-10-21,30.0,40.0,1.0,6.0,,,,,,,,,,,,,,,,1.0,,,1.0,,,,,,,,,,,,,,,,,,,,,,,,
Swap Shop,Reality show,English,2021-11-09,27–33 min,"2 seasons, 12 episodes",2021-11-09,27.0,33.0,2.0,12.0,,,,,,,,,,,,,,,,1.0,,,1.0,,,,,,,,,,,,,,,,,,,,,,,,
Love Never Lies,Reality show,Spanish,2021-11-11,47–50 min,"1 season, 7 episodes",2021-11-11,47.0,50.0,1.0,7.0,,,,,,,,,,,,,,,,1.0,,,1.0,,,,,,,,,,,,,,,,,,,,,,,,
Blown Away: Christmas,Reality show,English,2021-11-19,28–29 min,"1 season, 4 episodes",2021-11-19,28.0,29.0,1.0,4.0,,,,,,,,,,,,,,,,1.0,,,1.0,,,,,,,,,,,,,,,,,,,,,,,,
New World,Reality show,Korean,2021-11-20,60–77 min,"1 season, 8 episodes",2021-11-20,60.0,77.0,1.0,8.0,,,,,,,,,,,,,,,,1.0,,,1.0,,,,,,,,,,,,,,,,,,,,,,,,
The Fastest,Reality show,Arabic,2021-11-23,29–42 min,"1 season, 6 episodes",2021-11-23,29.0,42.0,1.0,6.0,,,,,,,,,,,,,,,,1.0,,,1.0,,,,,,,,,,,,,,,,,,,,,,,,
School of Chocolate,Reality competition,English,2021-11-26,28–49 min,"1 season, 8 episodes",2021-11-26,28.0,49.0,1.0,8.0,,,,,,,,,,,,,,,,1.0,1.0,,,,,,,,,,,,,,,,,,,,,,,,,,
Coming Out Colton,Reality show,English,2021-12-03,29–37 min,"1 season, 6 episodes",2021-12-03,29.0,37.0,1.0,6.0,,,,,,,,,,,,,,,,1.0,,,1.0,,,,,,,,,,,,,,,,,,,,,,,,
The Family That Sings Together: The Camargos,Reality show,Portuguese,2021-12-09,34–47 min,"1 season, 5 episodes",2021-12-09,34.0,47.0,1.0,5.0,,,,,,,,,,,,,,,,1.0,,,1.0,,,,,,,,,,,,,,,,,,,,,,,,
Twentysomethings: Austin,Reality show,English,2021-12-10,21–45 min,"1 season, 12 episodes",2021-12-10,21.0,45.0,1.0,12.0,,,,,,,,,,,,,,,,1.0,,,1.0,,,,,,,,,,,,,,,,,,,,,,,,
The Hungry and the Hairy,Travel reality,Korean,2021-12-11,55–77 min,"1 season, 10 episodes",2021-12-11,55.0,77.0,1.0,10.0,,,,,,,,,,,,,1.0,,,1.0,,,,,,,,,,,,,,,,,,,,,,,,,,,
The Future Diary,Reality show,Japanese,2021-12-14,27–35 min,"1 season, 8 episodes",2021-12-14,27.0,35.0,1.0,8.0,,,,,,,,,,,,,,,,1.0,,,1.0,,,,,,,,,,,,,,,,,,,,,,,,
Selling Tampa,Docu-soap,English,2021-12-15,24–40 min,"1 season, 8 episodes",2021-12-15,24.0,40.0,1.0,8.0,,,,,,,,,,,,,,,,,,,,,,,,,,,,,,,,,,,,,,,,,,,
Hype House,Reality show,English,2022-01-07,26–36 min,"1 season, 8 episodes",2022-01-07,26.0,36.0,1.0,8.0,,,,,,,,,,,,,,,,1.0,,,1.0,,,,,,,,,,,,,,,,,,,,,,,,
I Am Georgina,Docu-reality,Spanish,2022-01-27,39–43 min,"1 season, 6 episodes",2022-01-27,39.0,43.0,1.0,6.0,,,,,,,,,,,,,,,,1.0,,,,,,,,,,,,,,,,,,,,,,,,,,,
Getting Curious with Jonathan Van Ness,Reality show,English,2022-01-28,25–27 min,"1 season, 6 episodes",2022-01-28,25.0,27.0,1.0,6.0,,,,,,,,,,,,,,,,1.0,,,1.0,,,,,,,,,,,,,,,,,,,,,,,,
Love Is Blind: Japan,Dating show,Japanese,2022-02-08,46–70 min,"1 season, 11 episodes",2022-02-08,46.0,70.0,1.0,11.0,,,,,,,,,,,,,,,,,,,1.0,,,,,,,,,,,,,,,,,,,,,,,1.0,
The Big Shot Game Show,Reality show,Portuguese,2022-02-09,45–52 min,"1 season, 6 episodes",2022-02-09,45.0,52.0,1.0,6.0,,,,,,,,,,,,,,,,1.0,,,1.0,,,,,,,,,,,,,,,,,,,,,,,,
Making Fun,Reality show,English,2022-03-04,37–43 min,"1 season, 8 episodes",2022-03-04,37.0,43.0,1.0,8.0,,,,,,,,,,,,,,,,1.0,,,1.0,,,,,,,,,,,,,,,,,,,,,,,,
Byron Baes,Reality show,English,2022-03-09,35–45 min,"1 season, 8 episodes",2022-03-09,35.0,45.0,1.0,8.0,,,,,,,,,,,,,,,,1.0,,,1.0,,,,,,,,,,,,,,,,,,,,,,,,
Queer Eye: Germany,Makeover reality,German,2022-03-09,48–52 min,"1 season, 5 episodes",2022-03-09,48.0,52.0,1.0,5.0,,,,,,,,,,,,,,,,1.0,,,,,,,,,,,,,,,,,,,,,,,,,,,
Life After Death with Tyler Henry[149],Reality,English,2022-03-11,TBA,"1 season, 9 episodes",2022-03-11,0.0,0.0,1.0,9.0,,,,,,,,,,,,,,,,1.0,,,,,,,,,,,,,,,,,,,,,,,,,,,
Alessandro Cattelan: One Simple Question[150][151],Reality show,Italian,2022-03-18,TBA,TBA,2022-03-18,0.0,0.0,0.0,0.0,,,,,,,,,,,,,,,,1.0,,,1.0,,,,,,,,,,,,,,,,,,,,,,,,
Is It Cake?,Game show,English,2022-03-18,TBA,TBA,2022-03-18,0.0,0.0,0.0,0.0,,,,,,,,,,,,,,,,,,,1.0,,,,,,,,,,,,,,,,,,,,,,,,1.0
"Young, Famous & African[153]",Reality show,English,2022-03-18,TBA,TBA,2022-03-18,0.0,0.0,0.0,0.0,,,,,,,,,,,,,,,,1.0,,,1.0,,,,,,,,,,,,,,,,,,,,,,,,
The Ultimatum: Marry or Move On[155],Reality show,English,2022-04-06,TBA,TBA,2022-04-06,0.0,0.0,0.0,0.0,,,,,,,,,,,,,,,,1.0,,,1.0,,,,,,,,,,,,,,,,,,,,,,,,
Paik's Spirit,Talk show,Korean,2021-10-01,46–69 min,"1 season, 6 episodes",2021-10-01,46.0,69.0,1.0,6.0,,,,,,,,,,,,,,,,,,,1.0,,,,,,,,,,,,,,,,,,,,,,,,
Azcárate: No Holds Barred,Talk show,Spanish,2021-12-28,19–21 min,"1 season, 4 episodes",2021-12-28,19.0,21.0,1.0,4.0,,,,,,,,,,,,,,,,,,,1.0,,,,,,,,,,,,,,,,,,,,,,,,
Last One Standing,Crime comedy/Variety show,Japanese,2022-03-08,30–47 min,"1 season, 8 episodes",2022-03-08,30.0,47.0,1.0,8.0,,1.0,,,,,1.0,,,,,,,,,,,,1.0,,,,,,,,,,,,,,,,,,,,,,,,
Undercover,Crime drama,Dutch,2019-05-03,45–54 min,"3 seasons, 28 episodes",2019-05-03,45.0,54.0,3.0,28.0,,1.0,,,,1.0,,,,,,,,,,,,,,,,,,,,,,,,,,,,,,,,,,,,,
Life in Colour with David Attenborough,Nature docuseries,English,2021-04-22,44–50 min,"1 season, 3 episodes",2021-04-22,44.0,50.0,1.0,3.0,,,,,,,,,,,,,,,,,,,,,1.0,,,,,,,,1.0,,,,,,,,,,,,,,
Dive Club,Mystery teen drama,English,2021-09-03,26–27 min,"1 season, 12 episodes",2021-09-03,26.0,27.0,1.0,12.0,,,,,,1.0,,,,,,1.0,,,,,,,,,,,,,,,,,,,,,,,,,1.0,,,,,,
On the Verge,Comedy,English,2021-09-07,28–35 min,"1 season, 12 episodes",2021-09-07,28.0,35.0,1.0,12.0,,,,,,,1.0,,,,,,,,,,,,,,,,,,,,,,,,,,,,,,,,,,,,
Kota Factory (season 2),Comedy-drama,Hindi,2021-09-24,31–44 min,"1 season, 5 episodes",2021-09-24,31.0,44.0,1.0,5.0,,,,,,1.0,1.0,,,,,,,,,,,,,,,,,,,,,,,,,,,,,,,,,,,,
Single's Inferno,Reality show,Korean,2021-12-18,57–71 min,"1 season, 8 episodes",2021-12-18,57.0,71.0,1.0,8.0,,,,,,,,,,,,,,,,1.0,,,1.0,,,,,,,,,,,,,,,,,,,,,,,,
The Parisian Agency: Exclusive Properties (season 2),Reality,French,2022-03-03,51–66 min,"1 season, 6 episodes",2022-03-03,51.0,66.0,1.0,6.0,,,,,,,,,,,,,,,,1.0,,,,,,,,,,,,,,,,,,,,,,,,,,,
Soil,Comedy-drama,Dutch,2022-03-17,TBA,TBA,2022-03-17,0.0,0.0,0.0,0.0,,,,,,1.0,1.0,,,,,,,,,,,,,,,,,,,,,,,,,,,,,,,,,,,,
MeatEater (seasons 7–10),Docuseries,English,2018-10-02,22–32 min,"4 seasons, 44 episodes",2018-10-02,22.0,32.0,4.0,44.0,,,,,,,,,,,,,,,,,,,,,1.0,,,,,,,,1.0,,,,,,,,,,,,,,
Top Boy (series 3),Crime drama,English,2019-09-13,44–66 min,"1 series, 10 episodes",2019-09-13,44.0,66.0,1.0,10.0,,1.0,,,,1.0,,,,,,,,,,,,,,,,,,,,,,,,,,,,,,,,,,,,,
You (seasons 2–3),Psychological thriller,English,2019-12-26,44–58 min,"2 seasons, 20 episodes",2019-12-26,44.0,58.0,2.0,20.0,,,,,,,,,,1.0,,,,,,,,,,,,,,,,1.0,,,,,,,,,,,,,,,,,
Cobra Kai (seasons 3–4),Martial arts/Action dramedy,English,2021-01-01,27–45 min,"2 seasons, 20 episodes",2021-01-01,27.0,45.0,2.0,20.0,,,,,,,,,,,,,,,,,,,,,,,,,,,,,,,,,,1.0,1.0,,,,,,,,
Girl from Nowhere (season 2),Teen mystery thriller anthology,Thai,2021-05-07,38–48 min,"1 season, 8 episodes",2021-05-07,38.0,48.0,1.0,8.0,,,,,,,,,,1.0,,1.0,,,,,,,,,,,,,,,,1.0,,,,,,,,,1.0,,,,,,
The A List (season 2),Teen mystery thriller,English,2021-06-25,26–29 min,"1 season, 8 episodes",2021-06-25,26.0,29.0,1.0,8.0,,,,,,,,,,1.0,,1.0,,,,,,,,,,,,,,,,,,,,,,,,,1.0,,,,,,
The Mire (season 2),Thriller,Polish,2021-07-07,53–60 min,"1 season, 6 episodes",2021-07-07,53.0,60.0,1.0,6.0,,,,,,,,,,1.0,,,,,,,,,,,,,,,,,,,,,,,,,,,,,,,,,
Takki (season 3),Drama,Arabic,2021-10-28,27–34 min,"1 season, 8 episodes",2021-10-28,27.0,34.0,1.0,8.0,,,,,,1.0,,,,,,,,,,,,,,,,,,,,,,,,,,,,,,,,,,,,,
El Marginal (season 4),Crime drama,Spanish,2022-01-19,48–82 min,"1 season, 8 episodes",2022-01-19,48.0,82.0,1.0,8.0,,1.0,,,,1.0,,,,,,,,,,,,,,,,,,,,,,,,,,,,,,,,,,,,,
Tiger & Bunny (season 2),Anime,Japanese,2022-04-08,TBA,"1 season, 25 episodes[165]",2022-04-08,0.0,0.0,1.0,25.0,,,,,,,,,,,,,,,,,,1.0,,,,,,,,,,,,,,,,,,,,,,,,,
Elite Short Stories: Guzmán Caye Rebe,Crime teen drama,Spanish,2021-06-14,10–15 min,"1 season, 3 episodes",2021-06-14,10.0,15.0,1.0,3.0,,1.0,,,,1.0,,,,,,1.0,,,,,,,,,,,,,,,,,,,,,,,,,,,,,,,
Elite Short Stories: Nadia Guzmán,Crime teen drama,Spanish,2021-06-15,10–14 min,"1 season, 3 episodes",2021-06-15,10.0,14.0,1.0,3.0,,1.0,,,,1.0,,,,,,1.0,,,,,,,,,,,,,,,,,,,,,,,,,,,,,,,
Elite Short Stories: Omar Ander Alexis,Crime teen drama,Spanish,2021-06-16,10–14 min,"1 season, 3 episodes",2021-06-16,10.0,14.0,1.0,3.0,,1.0,,,,1.0,,,,,,1.0,,,,,,,,,,,,,,,,,,,,,,,,,,,,,,,
Elite Short Stories: Carla Samuel,Crime teen drama,Spanish,2021-06-17,13–16 min,"1 season, 3 episodes",2021-06-17,13.0,16.0,1.0,3.0,,1.0,,,,1.0,,,,,,1.0,,,,,,,,,,,,,,,,,,,,,,,,,,,,,,,
Revelations: The Masters of the Universe Revelation Aftershow,Aftershow,English,2021-07-23,25 min,"1 season, 2 episodes",2021-07-23,2.0,5.0,1.0,2.0,,,,,,,,,,,,,,,,,,,1.0,,,,,,,,,,,,,,,,,,,,,,,,
The Ingenuity of the Househusband,Comedy,Japanese,2021-08-29,3–6 min,"1 season, 10 episodes",2021-08-29,3.0,6.0,1.0,10.0,,,,,,,1.0,,,,,,,,,,,,,,,,,,,,,,,,,,,,,,,,,,,,
Elite Short Stories: Phillipe Caye Felipe,Crime teen drama,Spanish,2021-12-15,9–16 min,"1 season, 3 episodes",2021-12-15,9.0,16.0,1.0,3.0,,1.0,,,,1.0,,,,,,1.0,,,,,,,,,,,,,,,,,,,,,,,,,,,,,,,
Elite Short Stories: Samuel Omar,Crime teen drama,Spanish,2021-12-20,11–12 min,"1 season, 3 episodes",2021-12-20,11.0,12.0,1.0,3.0,,1.0,,,,1.0,,,,,,1.0,,,,,,,,,,,,,,,,,,,,,,,,,,,,,,,
Elite Short Stories: Patrick,Crime teen drama,Spanish,2021-12-23,11–13 min,"1 season, 3 episodes",2021-12-23,11.0,13.0,1.0,3.0,,1.0,,,,1.0,,,,,,1.0,,,,,,,,,,,,,,,,,,,,,,,,,,,,,,,
Karma's World Music Videos,Animation,English,2022-02-24,4–6 min,"1 season, 5 episodes",2022-02-24,4.0,6.0,1.0,5.0,,,,,,,,,,,,,,,,,,,,,,,,,,,,,,,,,1.0,,,,,,,,,,
The Exorcist Boner,Adult animated horror comedy,Polish,2020-12-03,11–12 min,"2 seasons, 26 episodes",2020-12-03,11.0,12.0,2.0,26.0,,,,1.0,,,1.0,,,,,,,,,,,,,,,,,,,,,,,,,,,,,,,,,,,,
Ask the StoryBots Korea Edition,Animation,Korean,2021-05-05,53 min,"1 season, 8 episodes",2021-05-05,5.0,3.0,1.0,8.0,,,,,,,,,,,,,,,,,,,,,,,,,,,,,,,,,1.0,,,,,,,,,,
The Snitch Cartel: Origins,Crime drama,Spanish,2021-07-28,38–58 min,"1 season, 60 episodes",2021-07-28,38.0,58.0,1.0,60.0,,1.0,,,,1.0,,,,,,,,,,,,,,,,,,,,,,,,,,,,,,,,,,,,,
Arcane,Animated science fiction fantasy,English,2021-11-06,39–44 min,"1 season, 9 episodes",2021-11-06,39.0,44.0,1.0,9.0,,,1.0,,1.0,,,,,,,,,,,,,,,,,,,,,,,,,,,,,,,,,,,,,,
Juanpis González – The Series,Comedy,Spanish,2022-01-19,25 min,"1 season, 10 episodes",2022-01-19,2.0,5.0,1.0,10.0,,,,,,,1.0,,,,,,,,,,,,,,,,,,,,,,,,,,,,,,,,,,,,
Pedal to Metal[168],Action,Spanish,2022-03-16,TBA,TBA,2022-03-16,0.0,0.0,0.0,0.0,,,,,,,,,,,,,,,,,,,,,,,,,,,,,,,,,,1.0,,,,,,,,,
Power Rangers (season 29),Science fiction/Superhero,English,2022-03-03,22 min,"1 season, 22 episodes",2022-03-03,2.0,2.0,1.0,22.0,1.0,,1.0,,,,,,,,,,,,,,,,,,,,,,,,,,,,,,,,,,,,,,,,
